Municipio;População residente;Perc População Rural; Unidade Domestica ; Rendimento mensal total domiciliar per capita nominal ;Perc Alfabetizacao;Perc Saneamento Adequado;Perc Pessoas de 10 anos ou mais de idade, ocupadas na semana de referência;Perc Pessoas mais de 10 anos com rendimento;Perc Pessoas acima 25 anos com pelo menos fundamento completo;Perc Economicamente Ativa com Rendimento;IDHM 2010;IDHM Faixas;IDHM Renda 2010;IDHM Longevidade 2010;IDHM Educação 2010;Gini
Aiquara;4602;41,76;1359;262;64,54;55,92;83,4;67,58;27,85;53,13;58,3;Médio Baixo;52,2;75,3;41,3;43,93
Catolândia;2612;62,98;759;251;61,94;2,11;84,25;56,76;20,28;43,53;58,2;Médio Baixo;53,5;70,1;43,4;52,17
Contendas do Sincorá;4663;50,74;1339;266;59,9;10,83;84,39;65,36;21,88;53,7;57,7;Médio Baixo;52,1;77,5;39,8;51,44
Dom Macedo Costa;3874;54,54;1179;295;67,79;6,53;85,88;63,96;31;53,26;63,2;Alto;53;74,5;43,8;56,09
Gavião;4561;44,35;1355;251;59,44;10,85;86,14;69,74;25,66;58,27;59,9;Médio Alto;52,3;73,5;43,7;41,1
Ibiquera;4866;49,42;1400;202;57,09;1,64;82,03;48,69;18,23;45,01;51,1;Baixo;50,5;71,1;31,9;60,49
Lafaiete Coutinho;3901;46,07;1243;256;57,96;32,42;86,69;67,75;21,62;54,77;59,9;Médio Alto;55,5;72,6;41,7;51,43
Lajedão;3733;44,39;1215;386;63,46;44,28;84,48;66,74;23,19;50,86;63,2;Alto;54,8;73,1;43,1;58,53
Lajedinho;3936;68,37;1114;195;60,21;20,2;82,3;56,81;17,85;48,49;54,6;Baixo;51,5;78;35,8;56,71
Abaíra;8316;55,07;2574;292;68,47;12,39;88,15;64,86;21,86;49,9;60,3;Médio Alto;51,3;76,9;43;47,42
Almadina;6357;20,09;1961;259;52,52;68,03;85;60,17;18,63;38,4;56,3;Baixo;54,5;71,6;39,2;47,66
Apuarema;7459;31,4;2115;261;55,11;38,68;82,86;64,69;18,89;51,83;55,2;Baixo;52,4;72,2;38,6;46,61
Aratuípe;8599;35,89;2417;236;64,6;20,6;83,28;66,61;31,41;58,76;57,5;Médio Baixo;51,2;68,5;45,4;52,9
Barra do Rocha;6313;39,71;1798;280;60,72;45,94;82,71;62,94;25,91;47,2;57,7;Médio Baixo;53,3;75,4;40;51,84
Barro Preto;6453;17,95;1953;271;60,58;68,25;85,2;62,65;29,95;44,31;60,2;Médio Alto;53,9;76,3;41,1;49,17
Canápolis;9410;65,73;2555;206;56,3;19,22;81,89;59,37;21,82;44,22;56,5;Baixo;52,5;73,8;40,2;49,79
Candeal;8895;60,92;2553;242;61,53;0,59;84,97;64,88;25,46;56,15;58,7;Médio Baixo;53,1;76,2;40,4;44,2
Cardeal da Silva;8899;67,4;2375;218;69,05;12,76;80,7;49;25,29;44,62;55,2;Baixo;52,4;73,6;37,9;54,72
Caturama;8843;73,15;2410;229;56,82;16,51;85,42;63,56;16,31;49,23;57,1;Médio Baixo;56,6;75,9;36,6;50,38
Cordeiros;8168;68,77;2211;254;61,02;0,27;86,47;62,55;18,06;45,32;57,9;Médio Baixo;53,5;74,9;40,7;45,58
Cravolândia;5041;36,92;1464;232;59,49;56,08;82,44;65,99;27,45;56,27;59,9;Médio Alto;55,5;73,5;41,3;53,16
Elísio Medrado;7947;59,13;2558;286;60,66;0,55;85,77;66,58;24,24;59,93;62,3;Alto;56,4;76,8;39,6;50,7
Feira da Mata;6184;47,56;1742;216;66,75;1,78;84,15;55,26;20,36;42,29;58,8;Médio Baixo;56,8;74,8;39;54,67
Firmino Alves;5384;19,45;1602;310;65,64;55,87;83,35;69,91;25,36;51,51;57,8;Médio Baixo;55,8;75,2;38,3;43,75
Gongogi;8357;35,89;2241;220;58,24;57,3;83,28;57,21;24,1;46,72;57,6;Médio Baixo;54,2;76,5;38,7;47,81
Ibirapuã;7956;43,04;2454;395;65,46;44,78;83,22;68,89;25,39;54,56;61,4;Médio Alto;54,3;68,5;46;51,3
Ichu;5255;35,97;1555;283;78,46;0,32;84,69;65,84;34,84;53,19;63,1;Alto;51,6;77,8;43;47,25
Ipupiara;9285;35,61;2730;254;75,62;1,68;85,19;60,98;23,47;47,2;59;Médio Alto;54,6;68,5;44,2;50,52
Irajuba;7002;53,26;2113;238;60,04;2,79;82,35;61,33;22,23;53,3;57,6;Médio Baixo;54,3;69,4;42,6;52,36
Itagimirim;7110;20,55;2166;326;59,55;72,44;82,53;62,23;32,05;49,97;63,4;Alto;56,1;74,8;41,5;52,77
Itaju do Colônia;7309;19,82;2171;265;64,24;63,38;79,87;63,86;27,22;52,5;59,2;Médio Alto;52,9;74,7;42,2;48,25
Itamari;7903;26,12;2387;300;59,66;37,66;82,27;68,08;27,23;55,26;57,8;Médio Baixo;53,5;76,4;39,5;52,32
Itanagra;7598;69,37;2156;265;66,25;19,02;79,74;54,66;25,22;48,88;58,4;Médio Baixo;53,3;71;43,1;63,54
Itaquara;7678;39,98;2224;224;49,44;54,5;85,3;55,05;16;48,52;55,3;Baixo;54,5;74,9;36;57,08
Jaborandi;8973;66,12;2660;246;61,15;30,56;86,74;56,94;23,93;50,18;61,3;Médio Alto;54,1;75,6;41,8;63,54
Jussari;6474;24,68;2001;268;57,34;65,32;82,98;58,24;26,72;44,46;56,7;Médio Baixo;56,5;75,1;36,8;52,63
Jussiape;8031;61,8;2382;281;59,26;13,81;87,84;71,71;22,66;54,03;60,2;Médio Alto;55,8;76,3;39,7;45,87
Lajedo do Tabocal;8305;38;2437;219;57,11;0,62;83,23;63,26;19;51,37;58,4;Médio Baixo;55,3;68,6;42,9;47,13
Lamarão;9560;78,19;2452;189;52,97;15,7;82,52;52,97;16,69;51,3;51,8;Baixo;51,5;69,9;35,9;50,27
Macururé;8073;64,57;2098;230;63,19;0,33;81,33;56,82;30,6;50,47;60,4;Médio Alto;53,3;74,7;42,7;54,67
Maetinga;7038;59,97;1982;245;50,18;24,57;85,16;64,57;14,06;57,36;53,8;Baixo;50,3;69,4;38,4;46,07
Maiquinique;8782;21,25;2700;329;60,74;71,19;82,93;67,5;26,8;53,51;57,6;Médio Baixo;53,5;75,3;45,3;47,03
Malhada de Pedras;8468;61,81;2366;242;60,34;9,38;85,4;58,62;18,31;47,54;57,8;Médio Baixo;55,4;78,9;37;48,43
Morpará;8280;33,12;2393;216;59,71;3,26;83,1;54,2;17,56;44,41;55,8;Baixo;55,2;69,5;39,5;55,57
Muniz Ferreira;7317;53,61;2249;279;65,07;19,39;86,1;64,41;30,69;51,74;61,7;Alto;55,2;76,3;40,7;52,03
Nova Fátima;7602;33,25;2408;275;63,69;60,59;85,98;67,63;22,49;53,48;59,7;Médio Alto;56,3;77;38,6;44,32
Nova Ibiá;6648;57,78;2022;308;57,64;33,09;82,75;68,77;19,81;55,31;57;Médio Baixo;52,2;77,1;39,2;56,35
Nova Itarana;7435;63,48;2096;179;57,44;2,67;81,56;54,97;15,77;41,04;52,4;Baixo;51,4;73,7;34,3;56,03
Nova Redenção;8034;34,81;2120;225;60,02;5,38;83,55;56,81;20,84;52,02;56,7;Médio Baixo;53,9;77,5;37,4;50,95
Ouriçangas;8298;66,71;2417;259;58,95;14,03;85,45;65,53;23,88;59,5;60,7;Médio Alto;57;73,9;40,5;45,52
Palmeiras;8410;37,71;2441;285;74,77;27,41;81,58;64,64;37,47;56,38;64,3;Alto;55,7;75,8;41,3;58,34
Pedrão;6876;75,04;1877;224;67,6;1,81;84,15;57,1;24,47;51,16;58,8;Médio Baixo;48,8;76,1;44,5;47,53
Piraí do Norte;9799;62,35;2633;235;63,4;18,88;80,99;62,94;18,8;53,52;53,3;Baixo;53,4;81;40,3;49,41
Planaltino;8822;58,74;2529;245;51,44;0,43;84,84;66,02;17,28;57,09;57,2;Médio Baixo;53,6;72,5;40,9;56,31
Potiraguá;9810;32,68;2808;305;67,65;74,29;83,07;66,13;29,26;54,58;62,5;Alto;50,3;75;45,7;49,47
Quixabeira;9554;61,66;3036;214;54,39;3,66;83,74;65,48;18,88;55,67;57,8;Médio Baixo;52,6;71,8;43,2;50,53
Ribeirão do Largo;8602;45,98;2428;250;56,45;28,71;81,05;66,1;15,34;52,78;54;Baixo;48,9;77,8;35,4;47,18
Rodelas;7775;15,88;2094;258;69,13;79,27;80,07;57,97;40,96;44,74;63,2;Alto;55,9;76,6;40,6;55,58
Santa Cruz da Vitória;6673;23,93;1761;251;62,9;71,83;84,7;49,17;32,35;36,08;61;Médio Alto;54,8;71,2;43,9;58,19
Santa Teresinha;9648;75,81;2886;234;62,38;3,53;84,37;58,15;22,84;45,58;58,7;Médio Baixo;54,8;77;43,7;54,24
Santanópolis;8776;80,81;2480;234;64,63;0,81;82,55;61,33;26,54;58,47;59,2;Médio Alto;50,6;77,6;42,4;52,56
São Domingos;9226;35,88;2911;290;65,97;62,56;85;74,21;31,49;62,27;64;Alto;53,6;73,2;44,4;47,29
São José da Vitória;5715;9,68;1711;229;60,21;68,85;81,72;62,42;22,23;43,49;54,6;Baixo;50,8;72,9;38,9;46,06
Tanquinho;8008;28,68;2222;279;70,45;44,24;84,3;58,75;34,18;43,9;59,7;Médio Alto;51,4;72,9;44,7;48,54
Teodoro Sampaio;7895;19,68;2447;247;65,32;18,72;84,81;57,7;30,21;44,48;59,4;Médio Alto;51,1;74,9;43,5;56,42
Várzea do Poço;8661;33,16;2811;255;63,51;19,42;85,69;69,27;24,24;53,07;57,5;Médio Baixo;53,3;77,2;38,6;51,29
Varzedo;9109;63,07;2718;252;60,3;17,99;84,87;65,96;23,83;58,8;58,6;Médio Baixo;56,1;68,9;42,4;52,37
Vereda;6800;79,72;2087;277;54,91;27,31;83,55;60,04;18,45;45,26;57,7;Médio Baixo;53,9;68,9;43,4;47,29
Wagner;8983;27,84;2461;242;69,21;1,02;82,64;62,2;28,62;53,9;58,7;Médio Baixo;51,6;75,1;42,5;52,62
Abaré;17064;47,09;4314;202;63,1;43,14;79,72;54,6;26,46;49,94;57,5;Médio Baixo;53,3;74,6;52,3;56,21
Acajutiba;14653;12,82;4103;229;68,65;6,9;81,26;59,56;26,85;49,18;58,2;Médio Baixo;53,9;76,9;46,8;57,91
Adustina;15702;64,51;4522;208;48,34;23,18;83,32;58,82;14,22;45,08;54,6;Baixo;58,6;73,1;47,4;54,78
Água Fria;15731;63,28;4585;211;60,08;2,33;84,24;53,83;20,68;52,96;55;Baixo;52,7;76,3;50,5;53,76
América Dourada;15961;32,13;4325;179;62,07;1,32;80,25;58,35;22,56;47,11;56,1;Baixo;55,5;74;46,5;50,49
Andaraí;13960;44,32;3747;203;63,62;11,69;80,69;54,18;21,23;48,29;55,5;Baixo;57,1;78,9;42,4;60,17
Andorinha;14414;56,93;4621;265;61,61;34,78;84,67;63,66;24,19;52,89;58,8;Médio Baixo;53,9;76,2;47,5;55,88
Angical;14073;53,59;3792;253;63,95;3,51;83,76;55,38;26,7;49,23;62,5;Alto;53;76,4;49,2;56,48
Anguera;10242;57,76;2521;250;64,34;21,26;85,43;58,59;25,26;45,19;58,9;Médio Baixo;55,2;75,4;44,5;48,68
Antas;17072;62,75;4624;252;55,69;50,04;86,43;56,23;27,34;42,99;59,2;Médio Alto;56,7;77,4;47,7;56,2
Antônio Cardoso;11554;72,09;2890;229;57,35;12,18;83,36;61,53;23,29;64,25;56,1;Baixo;56,3;75,1;42,1;45,83
Antônio Gonçalves;11015;47,5;3084;241;71,57;10,47;82,72;64,62;27,51;52,03;59,8;Médio Alto;54,4;72;47,6;51,57
Aporá;17731;52,03;5172;201;60,43;0,87;82,01;57,44;21,06;53,16;54,8;Baixo;56,8;76,1;47;56,62
Araças;11561;49,77;3121;229;67,32;2,5;81,49;51,81;28,67;47,72;57;Médio Baixo;56,2;71;45,2;54,37
Aracatu;13743;71,35;3650;267;55,16;0,71;85,13;70,28;14,11;60,11;58,1;Médio Baixo;52,7;77,9;47,1;44,73
Aramari;10036;48,93;2675;276;70,65;6,43;84,59;52,05;30,48;43,36;58,8;Médio Baixo;54;74,4;46,2;52,53
Arataca;10392;46,23;3029;256;57,7;15,35;78,91;67,08;21,5;49,93;55,9;Baixo;55;74;43,5;47,06
Aurelino Leal;13595;15,95;3923;235;61,93;45,04;82,22;62,49;23,41;47,22;56,8;Médio Baixo;50,4;76,1;47,1;45,88
Baianópolis;13850;74,86;3822;226;55,88;2,15;82,17;54,65;20,98;44,66;58,9;Médio Baixo;59,1;75,4;43,9;57,89
Banzaê;11814;65,79;3035;220;62,42;13,01;82,29;59,23;20,88;49,49;57,9;Médio Baixo;56,6;76;44,9;47,16
Barra do Mendes;13987;55,27;4113;259;78,51;2,16;82,97;60,8;27,42;48,79;63;Alto;54,9;77,5;47,1;57,75
Barro Alto;13612;50,69;3977;218;73,71;6,51;81,86;68,94;25,58;61,37;60,7;Médio Alto;58;72,7;47;51,25
Barrocas;14191;59,87;3871;254;71,21;24,98;82,63;66,68;26,38;65,03;61;Médio Alto;55,4;77,5;46,2;46,72
Belo Campo;16021;43,64;4359;247;61,44;0,02;83,9;63,63;18,08;53,49;57,5;Médio Baixo;57;72,4;50,2;49,72
Biritinga;14836;76,29;4120;206;62,09;15,17;83,3;53,49;19,3;51,44;53,8;Baixo;57;75,3;44,3;56,1
Boa Nova;15411;62,34;4223;226;53,75;27,61;83,37;59,66;15,37;46,13;56,7;Médio Baixo;56,5;77,2;44;52
Boa Vista do Tupim;17991;63,35;4956;193;57,57;4,26;81,62;57,19;18,36;46,85;55,1;Baixo;55,4;76,6;47,8;56,27
Bom Jesus da Serra;10113;72,63;2624;203;60,23;0,5;82,92;58,65;14,86;44,21;54,6;Baixo;55,7;73,8;42,8;52,8
Boninal;13695;66,36;3392;238;67,78;6,52;84,02;54,34;21,94;47,23;61,2;Médio Alto;55,4;73,4;49;55,75
Bonito;14834;57,99;3959;206;72,9;4,75;79,59;66,74;23,66;63,44;56,1;Baixo;54,5;74,6;50,4;50,58
Botuporã;11154;63,46;2944;225;61,05;27,17;84,63;60,97;19,24;60,25;57,5;Médio Baixo;54,1;73,2;45,9;53,34
Brejões;14282;65,43;3950;266;64,14;30,68;84,18;58,02;24,69;46,71;59,7;Médio Alto;55,9;78,9;44,7;51,81
Brejolândia;11077;82,09;3136;209;60,4;0,41;83,92;55,25;23,81;40,88;59,2;Médio Alto;62;71,4;41,9;56,48
Brotas de Macaúbas;10717;70,91;3199;246;68,89;21,79;83,35;57,51;22,21;47,75;57;Médio Baixo;53,1;73,2;46,3;56,99
Buerarema;18605;17,89;5489;294;65,48;58,74;84,67;54,16;30,57;40,27;61,3;Médio Alto;58,3;77,8;47,4;57,6
Buritirama;19600;59,67;4588;161;64,44;1,63;80,94;50,03;23,1;49,08;56,5;Baixo;56;72,1;50,8;55,31
Caatiba;11420;52,73;2924;266;55,74;57,05;83,19;65,99;17,98;49,41;56,1;Baixo;53,4;74,7;38,1;40,59
Cabaceiras do Paraguaçu;17327;73,2;4316;184;63,56;4,01;80,46;55,56;22,58;65;58,1;Médio Baixo;56,3;77,5;47,9;54,55
Caém;10368;64,75;2966;213;64,72;6,57;81,34;57,49;21,79;50,55;54,6;Baixo;50,1;74,7;37,2;55,01
Caetanos;13639;75,87;3211;212;58,97;1,84;84,51;54,03;14,69;35,26;54,2;Baixo;56,2;76;44,4;50,28
Cafarnaum;17209;38,62;4740;206;69,49;3,57;81,62;65,32;25,04;47,51;58,4;Médio Baixo;56,8;78,3;46,8;55,78
Cairu;15374;47,01;4724;328;77,56;41,87;81,56;64,5;36,27;57,26;62,7;Alto;55,4;74,7;52,7;54,74
Caldeirão Grande;12491;63,51;3525;194;58,63;7,21;80,94;58,9;23,57;58,74;57,3;Médio Baixo;59,5;71,3;45,4;56,02
Candiba;13210;41,52;3675;263;60,23;0,44;85,75;67,29;21,54;55,08;59,1;Médio Alto;56,7;74,4;46,4;44,61
Canudos;15732;44,71;4231;235;64,54;14,75;80,79;62,08;21,97;52,18;56,2;Baixo;55,8;73,6;49,9;53,81
Capela do Alto Alegre;11527;51,46;3755;274;56,99;30,01;85,64;64,98;21,89;53,57;59,9;Médio Alto;54,3;76,9;44,7;49,77
Caraíbas;10222;75,42;2907;248;49,81;3,65;85,03;64,64;12,99;45,37;55,5;Baixo;54,6;76,2;36,3;49,3
Central;17013;52,05;4938;213;71,3;6,03;82,26;60,42;30,92;49,62;59,6;Médio Alto;57,5;73,8;50,1;54,27
Chorrochó;10734;75,49;2739;219;60,35;24,94;80,89;56,49;25,26;45,97;60;Médio Alto;53,6;71,9;48,5;58,11
Cipó;15755;28,36;4420;273;65,88;5,75;82,2;65,4;30,43;54,71;60,1;Médio Alto;55,9;76,4;50;54,75
Cocos;18153;52,78;4855;270;63,86;0,43;82,66;55,09;20,3;46,93;59,6;Médio Alto;55,8;75,7;50,3;56,38
Conceição do Almeida;17889;55,69;5097;268;68,23;19,33;86,49;53,09;28,79;44,41;60,6;Médio Alto;54,8;74,9;52,3;58,33
Condeúba;16898;55,84;4697;257;59,66;5,17;84,48;62,76;20,56;46,14;58,2;Médio Baixo;57,3;74,1;49;49,75
Coribe;14307;57,08;4228;236;57,87;1,21;84,42;56,62;24,3;45,47;60;Médio Alto;58,1;75,9;44,7;58,77
Coronel João Sá;17066;58,73;4868;225;44,99;26,73;81,9;64,2;15,1;51,7;53,5;Baixo;56,1;77,7;46,2;48,83
Cotegipe;13636;51,25;3726;214;57,33;0,64;82,42;56,76;23,99;50,28;59;Médio Alto;60,8;76,8;41,9;55,99
Cristópolis;13280;76,41;3724;221;55,65;4,7;83,98;58,69;26,9;41,43;61,4;Médio Alto;55,8;75,8;47,1;54,57
Dário Meira;12836;60,35;3381;210;51,67;38,54;81,73;52,53;20,9;48,76;54;Baixo;55,1;70,5;45,1;55,78
Dom Basílio;11355;80,26;2971;248;63,42;0,07;85,29;66,41;21,37;53,46;59,1;Médio Alto;57,7;73,6;43,5;45,88
Érico Cardoso;10859;81,43;2656;267;53,48;0,26;86,17;58,15;19,83;58,25;58,4;Médio Baixo;53,4;72,3;47,1;49,16
Fátima;17652;60,82;5260;224;47,81;37,78;85,04;65,84;16,39;54,67;55,9;Baixo;58,9;74;46,9;52,94
Filadélfia;16740;46,11;4788;217;67,19;8,5;82,7;58,6;24,44;46,57;56,5;Baixo;59,7;70,6;48,7;57,54
Floresta Azul;10660;31,12;3030;245;57,05;67,43;83,81;59,05;24,91;37,71;55,7;Baixo;55,4;70,7;45,3;46,67
Gentio do Ouro;10622;49,63;2976;194;62,93;0,17;83,15;54,1;20,35;37,51;55,9;Baixo;53,2;73,4;45,4;52,5
Glória;15076;81,25;4282;257;58,13;14,55;83,83;58,21;22,48;45,93;59,3;Médio Alto;56;72,3;48,7;52,54
Governador Mangabeira;19818;62,57;5402;273;74,14;5,74;83,28;60,75;39,64;60,37;64,3;Alto;57,5;79,2;48,1;54,45
Guajeru;10412;80,05;2667;234;54,21;0,49;85,88;57,34;13,6;55,77;56,9;Médio Baixo;54,9;77,1;37,1;46,02
Heliópolis;13192;58,85;3829;226;53,27;6,45;84,16;61,98;17,17;57,25;56,3;Baixo;57,9;69,5;47,7;50,81
Ibiassucê;10062;53,23;2798;308;66,85;2,22;86,72;68,58;24,25;61,28;61,1;Médio Alto;55,4;68,6;45,9;46,87
Ibicoara;17282;36,58;4739;269;77,28;16,61;79,64;62,77;23,23;56,11;59,1;Médio Alto;58,9;75,2;47,3;49,07
Ibicuí;15785;24,21;4780;302;61,91;56,05;83,64;66,15;24,86;48,88;58,4;Médio Baixo;56,9;75,7;45,1;51,03
Ibipeba;17008;40,92;4918;238;73,05;4,53;83,14;66,06;29,36;49,13;61,6;Alto;56,5;79,8;48,2;57
Ibipitanga;14171;63,62;3787;236;57,9;1;84,89;57,71;18,54;42,57;58,4;Médio Baixo;58,4;74,2;44,9;57,61
Ibirataia;18943;16,9;5590;277;57,15;66,37;83,61;63,08;26,04;46,07;57,6;Médio Baixo;55;76,4;49,3;49,89
Ibitiara;15508;77,84;4212;231;64,86;11,61;85,53;56,99;19,28;39,4;58,5;Médio Baixo;59,6;71,2;45,8;55,4
Ibititá;17840;53,26;5207;227;66,61;1,23;83,03;68,06;26,83;51,1;60,2;Médio Alto;58,2;77;48;50,81
Igaporã;15205;48,28;3967;265;68,83;19,41;85,21;64,83;29,28;51,98;61,4;Médio Alto;58,6;78;43,5;49,66
Igrapiúna;13343;67,96;3554;232;67,28;15,45;79,72;63,64;20,76;57,84;57,4;Médio Baixo;58,9;75;43,6;54,81
Ipecaetá;15331;82,8;3836;190;61,05;0,99;84,55;50,2;18,75;51,92;55;Baixo;58,1;70,7;46,2;53,12
Iramaia;11990;54,93;3239;214;64,99;1,17;82,85;60,61;22,09;46,74;57,1;Médio Baixo;50,8;75,1;41,5;50,48
Itaeté;14924;58,4;4071;216;63,36;7,61;81,8;56,22;21,75;43,81;57,2;Médio Baixo;59,6;69,9;46,4;54,9
Itagi;13051;21,77;3691;228;55,51;50,88;83,27;62,99;21,59;43,53;54,3;Baixo;54,7;70,1;45,9;47,83
Itagibá;15193;37;4226;268;60,53;60,62;83,52;58,58;25,31;47,01;58,9;Médio Baixo;52,5;76,3;49;49,55
Itaguaçu da Bahia;13209;80,33;3529;184;60,33;0,77;80,56;63,75;18,01;61,38;56,2;Baixo;58,5;70,5;46,5;53,69
Itapé;10995;34,7;3332;290;65,6;54,56;83,28;62,46;30,51;47,38;59,9;Médio Alto;55,9;78,6;38,2;47,92
Itapebi;10495;21,22;2996;289;59,18;3,27;80,34;59,04;24,05;45,54;57,2;Médio Baixo;55,6;75,7;42,9;49,64
Itapitanga;10207;25,63;2752;231;62,18;74,24;83,25;57,22;23,34;42,88;57,1;Médio Baixo;55,3;72,6;45;44,43
Itarantim;18539;17,46;5331;294;65,61;69,8;84,24;66,59;26,7;52,1;61;Médio Alto;57,6;77,1;48,3;51,81
Itatim;14522;30,37;4172;245;66,29;2,04;82,22;62,45;25,07;52,02;58,2;Médio Baixo;56,1;76,3;45,4;47,09
Itiruçu;12693;24,95;3798;273;63,33;43,55;84,04;67,55;26,98;51,65;60;Médio Alto;56,8;71,8;45,8;50,39
Itororó;19914;9,11;5947;323;63,68;67,34;83,7;65,74;26,83;51,36;59,4;Médio Alto;55;75,5;51;46,39
Ituaçu;18127;63,76;4973;273;61,48;7,16;84,24;62,07;18,67;54,03;57;Médio Baixo;58,3;73,1;48,4;52,74
Iuiú;10900;51,52;2760;223;62,94;12,21;82,15;63,09;23,64;54,96;59,1;Médio Alto;56,5;77;42,5;47,16
Jacaraci;13651;63,94;3681;269;59,23;5,32;86,84;64,65;18,86;57,34;59,3;Médio Alto;55,4;78,6;45,2;47,62
Jaguaripe;16467;67,83;4584;201;59,86;4,01;82,06;66,04;19,48;62,32;55,6;Baixo;56,5;76,6;47,1;55,92
Jandaíra;10331;40,5;2693;187;63,45;2,56;79,39;56,05;21,62;46,87;55;Baixo;54,4;76,8;42,2;54,72
Jiquiriçá;14118;60,47;3985;234;66,69;26,78;83,39;64,78;19,21;59,9;55,3;Baixo;52,5;76,3;47,7;50,46
Jitaúna;14115;34,4;4093;242;56,19;43,59;83,43;61,77;26,1;46,01;57,5;Médio Baixo;56,6;75,4;42,6;51,29
Jucuruçu;10290;77,73;3004;227;53,92;30,13;83,02;49,89;19,66;36,3;54,1;Baixo;46,9;70,5;41,3;56,1
Jussara;15052;33,22;4182;210;63,51;0,84;80,68;66,19;24,18;49,81;57,1;Médio Baixo;56,8;77,7;43,6;52,37
Lagoa Real;13934;79,85;3311;197;64,56;1,54;84,76;59,91;15,21;54,53;54,5;Baixo;54,3;75,4;46,4;48,53
Lençóis;10368;22,48;3000;325;73,86;53,6;81;62,74;38,59;57,61;62,3;Alto;57,1;70,4;47;61,5
Licínio de Almeida;12311;49,21;3483;267;64,91;1,41;84,87;69,41;25,58;55,29;62,1;Alto;58,8;69,7;46,1;45,44
Macajuba;11229;38,81;3324;191;61,44;42,6;80,44;53,67;16,42;44,65;52,4;Baixo;52,3;74,3;45;56,39
Macarani;17093;20,21;4960;325;59,38;73,25;83,99;67,87;26,58;52,04;60,5;Médio Alto;56,6;74,7;50,8;47,13
Madre de Deus;17376;3;5172;453;92;91,55;85,13;55,76;63,67;53,95;70,8;Alto;54,7;74,8;53,9;56,31
Mairi;19326;42,49;5809;261;64,44;46,19;84,09;65,23;21,3;54,88;57,2;Médio Baixo;57,3;73,9;49,1;50,96
Malhada;16014;59,04;3853;198;66,87;8,05;79,95;57,35;20,58;48,48;56,2;Baixo;60,6;79,1;42,9;49,13
Manoel Vitorino;14387;48,85;3953;219;59,6;1,52;83,33;59,16;19,06;49,48;56,6;Baixo;56,7;71,7;47,2;51,44
Mansidão;12592;62,02;2829;255;75,29;0,14;81,65;47,93;34,25;40,28;59,9;Médio Alto;55;78,2;45,9;55,04
Maraú;19101;81,36;5162;297;65,02;7,52;79,84;63,07;25,02;52,56;59,3;Médio Alto;55,8;80,5;47,1;71,3
Marcionílio Souza;10500;49,41;2902;200;56,99;5,1;81,85;52,94;21,39;43,46;56,1;Baixo;54,7;74,8;43,7;51,13
Mascote;14640;20,23;4102;239;57,69;40,81;80,56;53,29;24,02;41,17;58,1;Médio Baixo;58,1;70;47,4;60,26
Matina;11145;68,84;2739;202;54,01;1,31;82,57;64,38;19,19;44,91;57,2;Médio Baixo;53,8;74,1;45,6;45,28
Milagres;10306;24,42;3118;268;67,3;3,69;83,42;65,85;27,88;51,27;62,2;Alto;56,5;78,9;42,4;52,5
Mirangaba;16279;51,6;4655;186;63,94;16,82;82,41;58,09;20,23;48,79;54,2;Baixo;55,5;73,4;49,6;51,83
Mirante;10507;82,78;2786;202;55,25;19,24;84,18;60,66;12,56;47,87;52,7;Baixo;51,7;77,1;33,5;52,17
Mortugaba;12477;52,82;3446;314;58,95;1,63;86,24;68,28;23,53;60,59;61,8;Alto;52,6;75,8;47,3;47,89
Mucugê;10545;60,36;3056;408;71;30,96;82,24;62,5;30,16;55,54;60,6;Médio Alto;54;76,4;41,5;53,15
Mulungu do Morro;12249;51,68;3307;180;72,11;0,27;80,39;63;18,64;56,87;56,6;Baixo;45,5;77,4;50,9;49,52
Muquém de São Francisco;10272;87,51;2635;176;66,78;5,05;78,11;50,6;18,96;48,77;54,9;Baixo;58,4;71;42,4;54,95
Nilo Peçanha;12530;75,22;3556;224;62,51;26,21;82,25;56,48;22,25;50,51;54,7;Baixo;54,7;76,8;45,3;55,3
Nordestina;12371;68,3;3320;180;58,22;1,2;82,41;54,97;19,46;46,99;56;Baixo;58,6;69;47,2;54,16
Nova Canaã;16713;59;4977;243;53,99;42,76;83,16;63,67;16,41;50,55;54,5;Baixo;57,3;73,7;47,9;48,1
Novo Horizonte;10673;67,16;3051;237;66,91;1,02;84;59,84;21,1;45,96;59,7;Médio Alto;53,6;76,4;45,4;57,62
Novo Triunfo;15051;50,15;3644;196;66,21;50,82;83,24;52,74;24,69;51,03;55,4;Baixo;54,3;77,3;45,6;51,97
Ourolândia;16425;61,39;4668;203;61,32;5,89;80,59;65,77;21,22;55,74;56;Baixo;56,6;77;46,9;53,36
Pau Brasil;10852;31,98;3152;255;61,56;60,53;79,13;59,43;25,12;44,53;58,3;Médio Baixo;57,7;69,9;45,1;56,75
Pé de Serra;13752;62,38;4056;230;64,06;2,69;84,27;65,3;19,42;55,51;58,7;Médio Baixo;58,6;74,7;44,6;46,24
Pedro Alexandre;16995;83,61;4274;163;44;2,06;80,07;56,4;15,77;50,82;51,3;Baixo;56,3;74,1;47,9;51,25
Piatã;17982;57,67;4858;234;65,28;4,51;82,95;53,74;17,59;47,52;57,1;Médio Baixo;55,3;74;50,4;55,69
Pindaí;15628;72,36;4164;238;63,46;0,79;85,52;64,62;21,2;55,34;60,3;Médio Alto;57,3;73,3;47,1;45,13
Pintadas;10342;43,53;2866;277;64,2;47,56;84,49;62,4;22,68;53,29;61,2;Médio Alto;53,8;74;46,9;47,33
Piripá;12783;51,54;3349;239;60,03;3,34;85,43;56,33;22,87;41,06;57,5;Médio Baixo;57,1;73,7;43,1;49,57
Ponto Novo;15742;46,61;4501;214;63,94;9,78;81,49;58,33;21,75;50,38;58;Médio Baixo;54,7;75,3;46,9;50,77
Presidente Dutra;13750;34,14;4041;237;77,08;6,76;83,84;62,78;30,49;42,19;61,4;Médio Alto;55,3;75,7;47,5;55,26
Presidente Jânio Quadros;13652;69,25;3792;216;48,48;23,07;85,28;59,44;13,21;46,14;54,2;Baixo;50,7;74,3;46,7;55,48
Retirolândia;12055;44,24;3675;276;71,2;16,11;84,71;68,4;29,88;57,22;63,6;Alto;59;71,2;47,7;47,53
Ribeira do Amparo;14276;86,54;3933;177;50,01;0,43;83;57,02;14,69;50,37;51,2;Baixo;53,3;77,6;46;53,55
Rio de Contas;13007;51,5;3721;290;68,03;20,64;88,36;63,91;24,66;44,79;60,5;Médio Alto;59,4;80,7;41,3;49,3
Rio do Antônio;14815;59,55;4012;218;56,95;6,51;85,47;60,52;19,07;48,59;57,6;Médio Baixo;54,9;74,7;47,1;49,5
Rio do Pires;11918;55,81;3249;262;57,48;0,74;86,33;60,62;21,45;44,64;59,4;Médio Alto;54,3;74;46,3;48,81
Salinas da Margarida;13456;55,71;3833;264;82,37;11,43;82,79;66,48;42,17;60,47;61,7;Alto;57,7;79,6;43,3;54,68
Santa Bárbara;19064;54,53;5413;233;67,89;5,3;82,96;59,07;25,37;49,9;58,3;Médio Baixo;64,3;80,1;40,4;53,47
Santa Brígida;15060;62,74;4174;204;52,07;30,83;81,48;61,96;17,87;59,46;54,6;Baixo;56,3;70,4;47,9;55,46
Santa Inês;10363;8,19;3226;278;57,5;62,46;85,08;64,68;27,87;48,94;57,4;Médio Baixo;51,7;75,3;46,6;49,21
Santa Luzia;13344;39,51;3971;245;57,55;40,29;82,29;61,19;19,49;50,02;55,6;Baixo;51,8;73,7;46,3;46,39
São Félix;14098;34,28;3695;303;76,79;56,83;86,39;61,32;39,52;56,37;63,9;Alto;55;74,4;49;49,21
São Félix do Coribe;13048;18,86;3683;372;75,98;1,28;81,62;65,56;32,41;53,36;63,9;Alto;53,5;77,8;48;50,58
São Gabriel;18427;43,05;5121;201;72,04;7,32;81,8;62,98;29,38;49,76;59,2;Médio Alto;53;77,5;51,2;51,81
São José do Jacuípe;10180;31,33;3142;236;58,64;31,29;82,6;70,82;17,28;54,57;55,2;Baixo;55,2;68,5;46,7;46,64
São Miguel das Matas;10414;67,74;3098;247;63,57;14,01;83,74;68,42;20,44;62,28;59,3;Médio Alto;54,3;77;44,6;52,13
Sapeaçu;16585;51,26;4779;279;76,11;3,45;84,6;61,96;31,54;54,18;61,4;Médio Alto;54,5;80,7;49,1;59,05
Sátiro Dias;18964;77,16;5156;197;57,03;23,74;82,55;57,8;15,59;58,67;52,7;Baixo;54,8;76,4;48;54,48
Saubara;11201;2,26;3538;265;77,89;27,05;84,61;63,3;37,75;54,82;61,7;Alto;56,8;72,9;45,2;50,05
Saúde;11845;43,89;3539;236;67,95;19,75;82,66;56,01;25,54;50,96;54,9;Baixo;50,6;75,1;46,4;55,25
Sebastião Laranjeiras;10371;60,62;2628;243;62,53;9,17;85,77;64,19;24,1;52,36;61,5;Alto;57,3;70,8;46,2;46,35
Serra Dourada;18112;66,86;4990;228;64,56;0,9;83,98;57,69;24,96;48,68;60,8;Médio Alto;57,4;76,1;49,1;51,43
Serra Preta;15401;55,07;4311;235;58,5;9,77;84,58;58,67;20,96;49,92;56,6;Baixo;52,7;75,7;48,2;48,87
Serrolândia;12344;41,03;4044;248;65,89;4,45;84,44;66,36;24,99;57,58;59;Médio Alto;54,4;77,8;46,3;50,98
Sítio do Mato;12050;43,02;2958;143;71,67;12,04;78,43;45,66;25,57;37,07;56,4;Baixo;53,8;76,8;43,5;59,56
Sítio do Quinto;12592;58,93;3772;219;44,89;16,07;83,4;61,99;12,94;52,06;53,3;Baixo;56,6;72,7;42,4;55,68
Souto Soares;15899;62,02;4175;194;71,12;1,37;81,15;57,83;24,5;54,41;59,2;Médio Alto;54;72,8;53,8;54,38
Tabocas do Brejo Velho;11431;65,6;3098;201;57,17;0,16;82,73;54,62;23,55;45,91;58,4;Médio Baixo;55,5;75,9;43,4;54,1
Tanque Novo;16128;54,63;4374;247;59,18;1,39;83,08;65,96;20,59;61,44;59,9;Médio Alto;57,7;77,1;48;59,97
Taperoá;18748;53,46;5113;229;62,53;27,4;80,31;65,79;25,62;55,06;56,6;Baixo;57,8;74,3;48,1;53,5
Tapiramutá;16516;22,6;3999;233;67,3;2,18;80,77;56,57;24,99;47,54;59,4;Médio Alto;56;77,5;49;61,91
Teolândia;14836;65,84;3621;210;56,38;21,87;81,74;60,19;21,72;54,25;55,5;Baixo;54,4;77,6;45,3;48,59
Terra Nova;12803;10,27;3606;268;80,79;51,69;84,19;60,2;32,23;44,9;57,8;Médio Baixo;56,5;74,9;43;45,76
Tremedal;17029;76,87;4831;234;52,87;6,29;86,55;62,02;12,51;44,37;52,8;Baixo;57,1;74,5;47,2;48,65
Ubaíra;19750;55,33;5897;260;55,63;33,7;83,9;63,59;22,15;57,68;58,2;Médio Baixo;57,3;70,9;51,3;58,31
Uibaí;13625;39;4199;244;74,83;1,91;84,89;65,54;30,89;48,66;61,7;Alto;54,5;76,4;47,9;53,71
Umburanas;17000;55,82;3974;147;63,55;1,56;82,54;50,72;19,13;41,8;51,5;Baixo;56,6;74,9;47,5;50,74
Urandi;16466;63,93;4477;284;64,91;7,42;85;63,39;21,98;46,2;59,8;Médio Alto;56,7;76,8;48,8;51,26
Uruçuca;19837;20,46;6020;311;68,12;59,78;82,66;65,19;32,93;51,37;61,6;Alto;61,8;75,1;46,7;49,49
Utinga;18173;29,51;5081;229;71,21;1,91;81,02;65,58;27,81;54,12;59;Médio Alto;56,8;76,7;48,1;62,53
Várzea da Roça;13786;52,99;4229;208;57,29;17,05;84,38;65,13;14,97;56,61;53,9;Baixo;56,6;71,7;46,9;49,97
Várzea Nova;13073;34,58;3919;212;65,78;31,51;83,64;66,7;23,07;53,66;55,5;Baixo;57,9;75,2;40,6;49,93
Wanderley;12485;52,92;3498;237;64,65;0,86;82,5;59,24;25,42;50,78;60;Médio Alto;57,5;74,4;43,8;59,93
Alcobaça;21271;47,89;5988;302;66,87;26,75;81,06;65,49;26,86;55,65;60,8;Médio Alto;60,9;75,9;46,6;53,45
Amargosa;34351;27,54;10382;319;68,86;18,63;84,57;66,79;33,88;57,46;62,5;Alto;65,2;77,8;49,7;56,79
Amélia Rodrigues;25190;20,77;7153;331;80,46;8,88;83,54;62,6;45,8;54,97;66,6;Alto;57,7;74,4;54,5;49,98
Anagé;25516;80,7;7239;226;49,16;10,94;84,86;61,52;13,71;41,98;54;Baixo;58,1;75,3;46,1;48,41
Baixa Grande;20060;58,43;5716;223;63,56;29,15;81,25;61,35;22,1;53,28;58,5;Médio Baixo;58,6;78,8;45,2;54,44
Barra;49325;54,49;11471;184;69,04;15,96;78,75;50,41;26,43;48,27;55,7;Baixo;60,8;78,2;56;59,97
Barra da Estiva;21187;50,89;5617;247;74,04;44,19;82,18;63;23,22;61,15;57,5;Médio Baixo;55,8;76,2;48,9;54,56
Barra do Choça;34788;35,59;9207;231;60,46;25,08;81,9;66,68;18,11;53,96;55,1;Baixo;58,1;76,1;53,1;44,52
Belmonte;21798;47,61;6360;274;65,42;51,81;81,16;60,99;28,57;52,34;59,8;Médio Alto;57,2;76,5;52,5;49,79
Boquira;22037;66,58;5794;227;62,02;1,1;84,01;60,21;25,58;47,5;60,3;Médio Alto;55,9;76,5;50,3;53,57
Cachoeira;32026;48,83;9309;322;75,87;44,53;84,76;62,02;44,61;55,09;64,7;Alto;63,1;80,1;48,4;57,29
Caculé;22236;40,15;6330;333;68,91;15,31;86,37;69,9;29,04;59,29;63,7;Alto;60,4;77,6;49,6;48,35
Caetité;47515;40,13;12789;332;68,99;31,25;84,92;66,17;29,07;58,18;62,5;Alto;65,7;78;54,6;59,93
Camacan;31472;21,57;9067;299;68,07;64,67;80,85;58,45;28,08;45,26;58,1;Médio Baixo;57,6;76,3;53,6;62,44
Camamu;35180;55,61;9421;229;64,64;31,39;79,11;61,6;27,56;55,05;56,5;Baixo;56,3;73,8;56,5;54,84
Campo Alegre de Lourdes;28090;71,07;7613;177;60,86;0;81,28;53,13;18,8;44,23;55,7;Baixo;56,4;76,6;51,3;60,78
Canarana;24067;52,4;6951;222;73,19;1,24;81,32;69,79;25,16;63,56;58,7;Médio Baixo;58,3;77;50,5;48,88
Canavieiras;32336;19,89;9720;313;71,5;49,59;82,82;63,92;29,59;50,44;59;Médio Alto;62;75,2;51,4;51,97
Cândido Sales;27918;30,92;7881;247;61,95;7,28;83;65,29;24,11;52,12;60,1;Médio Alto;59,1;77,4;50,4;51,08
Cansanção;32908;66,51;8973;189;59,44;19,42;81,38;58,24;20,37;53,99;55,7;Baixo;57,5;72,9;56,1;57,33
Capim Grosso;26577;18,12;8354;303;69,61;10,85;82,73;69,86;29,15;61,84;62,1;Alto;61,9;77,8;50,2;54,93
Caravelas;21414;47,19;6116;341;64,65;21,14;81,01;61,2;29,66;52,13;61,6;Alto;56,9;76,4;49,8;58,73
Carinhanha;28380;55,66;7294;198;64,55;5,32;80,86;58,44;28,8;51,77;57,6;Médio Baixo;57,2;77,9;50,3;51,72
Castro Alves;25408;38,26;7196;265;66,22;53,56;84,45;60,72;30,85;52,02;61,3;Médio Alto;58,6;76,6;51,6;54,94
Cícero Dantas;32300;45,12;10161;280;49,95;40,01;85,03;66,15;22,64;52,98;58,5;Médio Baixo;58,7;80,9;50,1;53,91
Coaraci;20964;8,75;6481;300;64,71;77,81;83,77;60,46;32,67;42,15;61,3;Médio Alto;55,2;77,9;50,3;56,38
Conceição da Feira;20391;35,57;5661;282;76,27;5,46;83,49;57,68;42,16;53,93;63,4;Alto;57,7;74,6;51;57,38
Conceição do Jacuípe;30123;21,86;8892;361;81,32;4,68;84,13;65,67;44,46;59,74;66,3;Alto;59,5;75,4;54,5;48,47
Conde;23620;48,65;6098;209;67,77;7,71;79,45;55,27;25,94;44,07;56;Baixo;58,9;78,7;48;63,63
Coração de Maria;22401;58,04;6225;267;68,97;3,55;84,07;57,63;29,64;55,73;59,2;Médio Alto;58,7;75,2;51,7;52,93
Correntina;31249;59,67;8763;314;65,88;13,94;83,17;54,94;28,08;43,38;60,3;Médio Alto;59;78,9;51,8;58,85
Crisópolis;20046;57,04;6010;202;56,37;4,88;82,28;64,49;12,93;60,09;54,3;Baixo;55,4;78,7;46,5;58,31
Curaçá;32168;57,35;8676;214;65,28;33,69;80,93;58,83;23,93;49,38;58,1;Médio Baixo;59,8;77,1;51,3;52,79
Encruzilhada;23766;78,41;6611;212;53,89;16,88;81,24;57,93;20,46;49,03;54,4;Baixo;55,8;77,9;46,5;51,22
Entre Rios;39872;40,21;11087;280;74,52;9,51;81,67;53,42;36,34;46,54;61,5;Alto;64,5;77,1;50,8;62,49
Esplanada;32802;36,52;8645;260;70,37;9,31;80,64;59,61;28,54;52,45;58,9;Médio Baixo;58;77,1;56,2;59
Formosa do Rio Preto;22528;39,42;5582;297;69,15;2,67;80,49;53,82;31,7;44,95;61,8;Alto;57,2;73;55,3;61,36
Gandu;30336;18,09;9215;356;66,78;47,81;82,41;69,6;34,73;58,36;63,2;Alto;56,4;77,8;55,6;59,89
Guaratinga;22165;52,97;6718;244;50,47;39,62;82,53;61,6;19,31;52;55,8;Baixo;54,3;76,3;49,2;53,85
Iaçu;25736;21,64;7343;239;64,45;27,63;82,6;58,7;22,99;44,93;57,4;Médio Baixo;57,7;74,7;51,9;62,82
Ibicaraí;24272;26,31;7549;317;68,09;61,48;83,61;65,07;34,15;44,96;62,5;Alto;59,9;70,4;51,5;54,83
Ibirapitanga;22598;72,73;6332;250;57,24;42,67;79,37;62,43;20,22;50,31;55,8;Baixo;55,4;74,7;53,5;52,96
Ibotirama;25424;23,3;7152;338;73,96;26,2;82,8;61,95;36,38;53,64;63,6;Alto;60,2;78,5;49,2;55,81
Iguaí;25705;43,28;7428;249;55,88;51,23;83,01;60,43;18,4;49,78;55,2;Baixo;60,7;78,2;46,6;56,41
Inhambupe;36306;56,94;10148;236;63,99;29,13;81,36;60,34;23,87;57,22;56,5;Baixo;64,1;76,7;50,2;53,7
Ipiaú;44390;9,02;13076;388;70,16;64,06;84,26;64,68;38,35;50,71;67;Alto;60,1;75,7;57,5;69,96
Iraquara;22601;70,1;6105;203;75,2;4,03;81,36;55,85;26,35;48,78;59,9;Médio Alto;60,4;77,2;49,5;61,75
Irará;27466;59,05;7803;268;65,75;2,31;83,9;67,98;32,13;65,5;62;Alto;59,2;75,8;51,6;49,93
Itabela;28390;24,68;7890;309;64,59;2,97;80,32;61,06;28,2;53,84;59,9;Médio Alto;61,6;78,4;49,7;56,81
Itacaré;24318;43,9;6758;294;68,55;33,99;79,7;62;27,44;57,04;58,3;Médio Baixo;55,7;79,1;51,3;55,45
Itajuípe;21081;20,12;6400;341;67,49;56,06;84,11;65,25;32,2;48,7;59,9;Médio Alto;58;74,1;49,8;50,08
Itambé;23089;14,69;6092;288;64,13;77,23;82,76;66,47;24,67;52,34;57,8;Médio Baixo;58,5;77,6;49,6;41,35
Itanhém;20216;29,73;6238;367;62,49;61,94;85,61;66,82;29,2;51,55;63,7;Alto;56,4;78,2;49,7;54,24
Itaparica;20725;0;6341;334;88,81;40,83;84,52;60,04;49,79;52,21;67;Alto;56,6;77,7;49,8;60,35
Itapicuru;32261;79,31;9000;192;47,07;8,62;80,82;58,98;11,92;55,18;48,6;Baixo;56,5;78,7;52,5;54,99
Itiúba;36113;73,14;9991;205;62,67;18,15;81,47;58,88;19,86;49;54,4;Baixo;61,1;80,8;49,8;56,98
Ituberá;26591;27,6;7388;291;71,16;33,36;81,32;68,49;31,14;59,21;60,6;Médio Alto;54,6;76,6;55,3;51,14
Jaguarari;30343;45,25;9092;320;72,92;54,54;84,15;57,1;35,07;46,42;65,9;Alto;60,9;76,4;52,4;67,48
Jeremoabo;37680;53,72;10734;241;54,42;31,68;81,88;65,91;19,52;57,86;54,7;Baixo;60;80,7;51;53,6
João Dourado;22549;39,82;6233;227;71,09;4,17;80,43;65,16;26,51;52,61;59,3;Médio Alto;58,7;79,3;49,1;53,84
Laje;22201;72,61;6355;232;60;19,04;82,94;65,35;25,49;59,98;58,6;Médio Baixo;57,4;78,6;50,3;51,41
Lapão;25646;60,81;7277;222;70,01;8,25;81,64;65,29;28,95;52,29;59,6;Médio Alto;56,4;78,9;51,4;52,64
Livramento de Nossa Senhora;42693;51,91;11394;307;67,79;26,71;85,05;60,92;24,59;47,27;61,1;Médio Alto;62,1;76,9;54,1;53,78
Macaúbas;47051;67,25;12102;262;60,8;23,48;84,08;58,03;22,5;49,51;60,9;Médio Alto;63,6;77,2;55,8;56,04
Maracás;24613;28,06;7495;241;63,34;6,28;84,25;68,32;26,33;54,51;60,7;Médio Alto;61,4;75,1;46,5;51,78
Maragogipe;42815;41,39;12003;246;65,85;37,71;84,37;62,39;32,6;55,04;62,1;Alto;62,4;79;52,5;57,41
Mata de São João;40183;25,78;11693;380;82,96;35,95;83,09;58,24;46,79;52,83;66,8;Alto;60,1;78,4;55,5;58,66
Medeiros Neto;21560;20,85;6852;349;63,98;30,95;84,26;65,76;27,53;50,2;62,5;Alto;57,6;74,4;50,8;54,34
Miguel Calmon;26475;39,32;8120;255;69,88;36,44;83,62;66,64;25,16;55,2;58,6;Médio Baixo;60,8;76,6;48,7;54,8
Morro do Chapéu;35164;42,36;9928;245;69,25;7,91;81,3;62,72;25,94;53,32;58,8;Médio Baixo;63,8;76,9;48,5;51,65
Mucuri;36026;23,69;10541;442;74,29;16,9;81,51;60,17;42,75;55,6;66,5;Alto;60,6;76,6;54,8;59,69
Mundo Novo;24395;44,4;6720;245;67,36;32,43;82,61;60,28;21,64;50,67;59;Médio Alto;57,3;78,6;50,4;65,85
Muritiba;28899;37,58;8318;340;74,54;12,68;85,14;62,48;40,52;52,67;66;Alto;62,6;77,7;50,1;56,18
Mutuípe;21449;54,97;6491;280;64,63;41,86;84,58;67,04;23,34;56,69;60,1;Médio Alto;59,5;76,6;46,9;64,23
Nazaré;27274;16,17;7981;324;72,22;49,67;84,93;64,06;41;53,63;64,1;Alto;56,9;77,7;52,7;61,05
Nova Soure;24136;51,4;6904;211;55,84;0,8;82,27;56,45;22,09;48,77;55,5;Baixo;58;76,7;49,8;57,86
Nova Viçosa;38556;13,05;11188;378;73,37;12,62;80,69;63,67;34,83;56,48;65,4;Alto;61,5;77,5;53,3;62,3
Olindina;24943;48,79;7133;213;58,57;44,64;82,12;50,63;22,53;42,88;55,9;Baixo;57,8;80,5;47,9;59,67
Oliveira dos Brejinhos;21831;69,84;6120;210;67,98;4,18;83,78;52,29;20,6;38,61;55,4;Baixo;53,4;77,5;49;57,26
Palmas de Monte Alto;20775;52,67;5500;229;57,19;5,56;84,54;64,76;20,86;52,65;58,6;Médio Baixo;59,8;73,9;47,4;49,36
Paramirim;21001;52,25;5626;334;68,54;27,48;86,43;62,45;28,22;54,19;61,5;Alto;58,8;76,2;48,2;51,34
Paratinga;29504;63,04;7211;187;65,59;1,05;81,74;51,28;25,15;45,65;59;Médio Alto;58,2;77,5;53,1;55,47
Paripiranga;27778;65,68;8046;254;58,42;14,55;84,26;58,45;21,17;45,05;57,7;Médio Baixo;61,1;77,1;47,6;59,11
Pilão Arcado;32860;66,44;8204;172;59,04;0,59;79,53;52,93;15,05;43,75;50,6;Baixo;60,7;75,8;50,7;60,16
Pindobaçu;20121;44,15;6062;228;64,58;27,14;81,43;58,93;27,42;50,39;57,7;Médio Baixo;56,1;74,6;49,6;51,45
Piritiba;22399;32,31;6671;239;68,79;34,46;82,49;63,19;24,88;49,4;57,8;Médio Baixo;53,9;77,5;53,7;52,64
Planalto;24481;39,26;6891;252;57,05;0,78;82,73;64,47;19,37;52,9;56;Baixo;55,1;73,9;55;46,34
Poções;44701;22,46;12887;267;61,11;62,69;82,14;63,1;25;51,35;60,4;Médio Alto;57,9;77,3;57,4;55,27
Pojuca;33066;14,18;9605;404;85,99;81,02;84,08;57,1;49,2;54,72;66,6;Alto;60,2;82,1;51,6;52,5
Prado;27627;43,99;7559;321;72,61;11,85;80,5;66,42;32,67;58,09;62,1;Alto;60,2;73,5;52,2;56,07
Presidente Tancredo Neves;23846;59,87;6509;228;59,01;25,17;81,09;65,98;21,67;59,99;55,9;Baixo;60,1;76,9;48,2;55,17
Queimadas;24602;49,22;7008;233;65,94;33,06;82,68;63,27;25,81;53,78;59,2;Médio Alto;60,8;78,9;47,6;52,01
Quijingue;27228;76,58;7232;194;50,8;9,31;82,72;58,08;16,07;48,67;54,4;Baixo;58,3;79,8;47,4;58,33
Rafael Jambeiro;22874;70,05;6265;213;57,38;11,01;82,5;59,49;18,12;52,79;56,4;Baixo;51,9;77,4;51;50,31
Remanso;38957;39,75;10585;253;60,48;48,02;81,9;61,99;24,59;53,45;57,9;Médio Baixo;58,8;75,5;55,9;54,65
Riachão das Neves;21937;51,02;5911;218;56,58;3,54;82,85;51,45;21,85;39,14;57,8;Médio Baixo;53,3;73,4;53;54,34
Riachão do Jacuípe;33172;40,13;10155;287;72,54;56,84;85,53;67,57;32,89;54,06;62,8;Alto;61,6;80,7;49,2;48,07
Riacho de Santana;30646;57,28;7987;233;58,88;5,21;83,85;62,29;25,14;51,63;61,5;Alto;61,3;77,5;51;56,25
Ribeira do Pombal;47518;37,38;13834;311;61,59;23,51;83,2;64,16;28,45;52,44;60,1;Médio Alto;61,5;76,2;57,7;54,38
Rio Real;37164;37,28;10648;243;65,35;6,68;82;65,5;24;56,02;57,2;Médio Baixo;63,6;75,2;51,6;53,79
Ruy Barbosa;29887;26,08;8758;270;67,15;49,86;82,65;61,52;28,32;51,35;61;Médio Alto;59;77,7;52,7;56,34
Santa Cruz Cabrália;26264;27,65;7784;336;78,32;40,89;79,39;63,61;41,48;58,58;65,4;Alto;62,6;79,1;47,3;58,75
Santa Maria da Vitória;40309;40,92;11126;299;64,96;10,04;83,34;62,99;29,86;51,35;61,4;Médio Alto;59,8;79,5;53,1;54,75
Santa Rita de Cássia;26250;43,21;7193;227;69,91;13,21;82,41;58,12;26,97;50,43;60,5;Médio Alto;61,5;76,2;49,1;60,61
Santaluz;33838;38,55;9440;231;65,9;51,71;82,77;66,03;27,62;55,49;59,8;Médio Alto;60,5;74,8;55,5;49,99
Santana;24750;45,52;6956;273;62,03;7,3;83,52;64,23;25,66;53,7;60,8;Médio Alto;64,1;77,4;46,7;55,18
Santo Estêvão;47880;42,17;13126;287;68,71;6,48;83,21;62,14;30,54;59,79;62,6;Alto;62,4;78,4;57,1;57,55
São Desidério;27659;68,79;7033;309;64,47;5,91;80,61;53,85;24,8;49,47;57,9;Médio Baixo;57,5;75,8;54;57,53
São Felipe;20305;51,64;5946;241;65,14;8,14;85,94;63,8;28,95;55,19;61,6;Alto;58,9;74,4;49,6;51,01
São Francisco do Conde;33183;17,45;9429;355;85,3;60,64;83,51;57,82;46,27;57;67,4;Alto;61,5;77,8;53,2;51,98
São Gonçalo dos Campos;33283;50,41;9015;315;77,71;5,96;83,49;63,45;38,46;58,42;62,7;Alto;56,6;79;56,4;56,81
São Sebastião do Passé;42153;21,45;12317;371;79,21;53,06;84,72;58,96;44,24;52,22;65,7;Alto;58,2;76,9;58,3;54,64
Seabra;41798;51,49;11493;292;77,06;2,26;82,08;63,8;33,29;58,36;63,5;Alto;62,3;72,9;56,8;58,03
Sento Sé;37425;42,08;9171;201;66,81;28,66;78,97;59,77;23,35;49,76;58,5;Médio Baixo;57,8;78,4;55,3;53,43
Serra do Ramalho;31638;80,17;8272;200;65,92;0,8;80,63;54,17;27,55;41,66;59,5;Médio Alto;58,2;79,3;51,8;54,67
Sobradinho;22000;9,08;6088;315;73,82;73,72;81,84;59,64;35,41;48,11;63,1;Alto;60;73,6;49,3;51,6
Tanhaçu;20013;58,58;5679;240;60,43;12,13;85,18;64,56;20,38;53,13;57,7;Médio Baixo;55;70,4;53,7;50,83
Teofilândia;21482;68,85;5532;253;64,99;21,44;81,39;59,47;23,38;53,55;56,6;Baixo;54,7;78,3;48,2;54,75
Uauá;24294;55,71;7055;239;65,06;2,21;84;59,28;25,83;47,83;60,5;Médio Alto;57,2;79,1;50,8;57,77
Ubaitaba;20691;14,95;6015;318;69;61,26;82,39;64,64;31,85;50,93;61,1;Médio Alto;50,3;75,2;56,8;56,19
Ubatã;25004;28,21;6774;269;61,29;51,33;82,72;58,88;32,9;50,16;59,3;Médio Alto;60,7;76,7;49;53,56
Una;24110;37,66;7209;269;63,94;21,86;81,34;64,85;25,82;54,45;56;Baixo;59,6;79,6;43,4;51,78
Valente;24560;45,09;7517;322;75,2;45,23;85,28;72,02;34,84;61,79;63,7;Alto;57,2;76,4;53,2;49,83
Vera Cruz;37567;6,18;11749;362;84,17;20,13;83,81;62,56;42,08;52,52;64,5;Alto;58,8;76,1;57,2;57,87
Wenceslau Guimarães;22189;66,15;6021;227;57,95;23,72;80,57;68,02;20,59;58,14;54,4;Baixo;54,9;80,4;45,9;45,2
Xique-Xique;45536;28,54;11618;258;69,39;32,35;80,43;58,37;30,66;50,67;58,5;Médio Baixo;60,1;78;54,8;56,78
Araci;51651;61,98;13612;195;53,46;28,17;80,48;59,66;19,99;52,94;53,4;Baixo;59,4;75,4;59,4;56,67
Bom Jesus da Lapa;63480;32,11;16344;314;72,79;30,02;81,04;62,03;38,29;53,79;63,3;Alto;67,9;80,1;54,1;60,48
Brumado;64602;30,14;18506;371;74,95;60,53;85,78;65,97;39,28;55,09;65,6;Alto;64,5;81,9;55,9;52,26
Campo Formoso;66616;62,68;17999;233;65,32;9,16;81,85;62,98;25,93;55,49;58,6;Médio Baixo;64,8;81,8;56,2;57,13
Candeias;83158;8,61;24892;403;86,32;66,58;84,61;59,47;52,86;56,38;69,1;Alto;66;81,4;57,8;51,2
Casa Nova;64940;42,19;17074;247;64,9;34,96;80,73;60,37;23,94;53,06;57;Médio Baixo;66,7;79;56,2;54,83
Catu;51077;16,29;15169;419;82,89;65,49;85,41;56,63;47,71;49,09;67,7;Alto;63;80,7;55,4;57,96
Conceição do Coité;62040;41,52;18519;297;70,81;29,12;83,12;69,7;29,73;61,87;61,1;Médio Alto;62,9;79,6;57,3;49,46
Cruz das Almas;58606;14,88;17226;441;81,82;16,57;85,74;62,15;54,27;54,12;69,9;Alto;63,8;77,3;59,9;57,34
Dias d'Ávila;66440;5,97;19888;413;88,1;55,01;81,83;59,22;53,45;55,73;67,6;Alto;66,3;78,9;58,4;53,37
Euclides da Cunha;56289;51,29;15857;251;60,03;7,61;83,14;62,49;21,54;54,12;56,7;Médio Baixo;64,4;80,6;55,1;55,59
Guanambi;78833;20,64;22288;411;76,28;51,35;85,32;69,88;39,82;59,85;67,3;Alto;67,3;80,1;57,2;55,81
Ipirá;59343;51,12;17055;251;59,87;46,77;83,16;63,04;20,5;51,33;54,9;Baixo;63,3;81,2;55,1;52,94
Irecê;66181;7,8;19622;397;80,34;28,68;83,14;66,54;46,17;56,1;69,1;Alto;67,8;78,9;57,2;59,95
Itaberaba;61631;21,33;17743;346;73,66;65,05;83,12;66,24;35,66;55,94;62;Alto;63;79,9;57,9;59,05
Itamaraju;63069;21,06;18636;367;67,97;51,71;82,61;66,32;30,73;54,05;62,7;Alto;65,6;79;56,8;55,8
Itapetinga;68273;2,93;19294;431;77,7;90,28;83,82;71,25;42,91;58,86;66,7;Alto;65,7;82,6;55,3;49,62
Jacobina;79247;29,5;24883;372;73,89;51,91;84,01;68,74;40,04;58,28;64,9;Alto;65,1;81,1;58,4;55,37
Jaguaquara;51011;23,84;14077;270;61,75;28,88;82,12;63,75;25,96;54,18;58;Médio Baixo;62,6;77,2;55,9;51,43
Luís Eduardo Magalhães;60105;8,69;17769;709;89,75;16,17;80,24;68,27;47,04;66,33;71,6;Alto;64,1;81,2;58,7;63,37
Monte Santo;52338;83,1;14487;188;49,24;8,93;82,09;58,73;13,69;49,35;50,6;Baixo;63,7;77,7;53,2;55,17
Santo Amaro;57800;22,55;16997;333;80,73;53,47;85,2;61,96;45,71;51,13;64,6;Alto;60,9;81;60;56,9
Santo Antônio de Jesus;90985;12,84;27427;448;81,03;62,64;85,32;70,6;47,82;61,7;70;Alto;68,1;78,8;58,1;54,98
Senhor do Bonfim;74419;22,65;22072;369;75,81;53,42;83,7;64,35;43,87;51,99;66,6;Alto;68,7;79,6;55,1;58,33
Serrinha;76762;38,53;21765;338;74,94;46,15;83,57;61,89;40,31;57,54;63,4;Alto;64,1;81,3;59,1;56,12
Tucano;52418;58,11;14880;234;57,34;40,74;82,99;62,72;20,73;53,3;57,9;Médio Baixo;63,2;81,7;52;66,14
Valença;88673;27,41;26342;351;71,83;59,15;83,22;67,35;37,84;59,49;62,3;Alto;68,7;79,1;57,2;55,39
Alagoinhas;141949;12,62;41637;478;84,42;53,48;85,38;63,63;54,72;55,3;68,3;Alto;65,2;82,3;61,6;57,38
Barreiras;137427;9,96;38577;530;84,9;33,63;82,72;65,85;54,21;59,39;72,1;Alto;69,5;80,7;66,8;57,04
Camaçari;242970;4,53;73991;475;88,44;62,37;83,55;64,25;54,39;61,8;69,4;Alto;71;82;61,9;54,58
Eunápolis;100196;6,77;29461;484;78,56;34,76;82,54;65,05;45,75;59,27;67,7;Alto;65,7;79,6;59,4;58,77
Ilhéus;184236;15,72;56003;506;81,32;58,02;84,17;68,79;49,5;56,57;69;Alto;67;79,4;66,7;58,75
Itabuna;204667;2,45;63020;546;83,98;78,14;85,52;66,91;53,66;56,3;71,2;Alto;75,4;82,6;59;57,45
Jequié;151895;8,21;45309;409;75,87;75,63;84,58;66,38;44,77;54,91;66,5;Alto;66,1;77,6;64,3;56,59
Juazeiro;197965;18,79;55019;405;80,75;62,17;81,91;63,35;46,75;55,25;67,7;Alto;68,1;79,8;61,6;57,23
Lauro de Freitas;163449;0;49435;878;92,5;78,62;84,88;67,33;65,25;63,39;75,4;Alto;78,1;82,7;66,3;65,19
Paulo Afonso;108396;13,83;31139;455;75,23;79,32;83,89;62,9;44,52;51,86;67,4;Alto;68,1;79;59,2;58,85
Porto Seguro;126929;18;38361;457;83,38;51,35;80,33;68,32;45,59;63,11;67,6;Alto;68,8;80,8;59;56,93
Simões Filho;118047;10,37;35000;372;88,5;57,96;82,73;59,99;53,96;57,58;67,5;Alto;68,3;80;58,8;52,58
Teixeira de Freitas;138341;6,56;41028;493;78,48;63,06;82,87;67,74;44,84;60,22;68,5;Alto;67,7;81,5;62,2;54,08
Vitória da Conquista;306866;10,47;86460;484;80;56,8;83,95;68,28;44,85;59,3;67,8;Alto;65,9;79,6;65;55,88
Feira de Santana;556642;8,27;162864;514;86,21;53,02;84,69;67,62;54,37;62;71,2;Alto;69,5;80,7;64,3;60,79
Salvador;2675656;0,03;858887;786;93,71;89,87;87,12;67,04;67,99;61,83;75,9;Alto;77,2;83,5;67,9;64,49
